q2,q3
0.05153794217437218,-0.5564803402149311
0.051537942174372436,0.5564803402149313
0.051537942174372346,-0.5564803402149312
0.05153794217437225,0.5564803402149311
0.01899000770117861,0.5427368423455864
0.33206494734818365,-0.3555094705742111
0.3320649473481835,0.3555094705742111
0.1242411866128584,0.5347510157579201
0.09970562776767812,0.5348966452774869
0.7744073594914078,0.06631652723362777
0.023188547926237774,-0.5922459751120615
0.04346428550943774,0.5887895082824051
0.030604463058927438,-0.5735654201240087
0.06768407100082106,-0.5691893441425697
0.06768407100082133,0.5691893441425695
0.0676840710008211,0.5691893441425694
0.06768407100082126,-0.5691893441425697
0.0760719850246365,0.5691214373432256
0.07607198502463637,-0.5691214373432256
0.07607198502463625,0.5691214373432256
0.019051657553448918,0.5751355025528693
0.0619318960687874,-0.5809783441338966
0.06193189606878741,0.5809783441338968
0.06193189606878741,0.5809783441338968
0.041501373411489725,0.6028438203067494
0.0415013734114899,-0.6028438203067494
0.0415013734114899,-0.6028438203067494
0.0694766758611778,-0.5340176548170057
0.0257659871197683,-0.5623456721273953
0.041807767020555116,0.597436571518902
0.013128785458576032,0.5819272302618269
0.04451579486864615,-0.6307715621446679
0.022988218664242686,0.5827866764163013
0.03570573957729108,-0.603156987934881
0.02638421994618886,0.6035745066376061
0.06759852367798085,0.618993934896085
0.040506383679211666,-0.5938709977420352
0.01793631067419724,0.6008744678546708
0.02228772592794541,-0.6019888803560555
0.023855312956556317,-0.5832606330590561
0.2669002049810259,0.4134440901778909
0.2669002049810259,0.4134440901778909
0.2669002049810257,-0.4134440901778909
0.04813275401371488,0.5748141908659513
0.0060898302349913615,-0.55249995232449
0.001265103412438031,-0.5561230989994315
0.023604658492805575,-0.5221974481846824
0.02360465849280529,0.5221974481846823
0.023604658492805488,0.5221974481846824
0.023604658492805287,-0.5221974481846824
0.03651797730566676,-0.5471789651685062
0.03651797730566703,0.5471789651685061
0.03651797730566688,-0.5471789651685062
0.03651797730566677,0.5471789651685061
0.037850491077528935,-0.5369032477708771
0.03785049107752913,0.5369032477708772
0.03785049107752903,0.5369032477708772
0.03785049107752901,-0.5369032477708772
0.08860558274995761,-0.555099231969898
0.08860558274995774,0.5550992319698981
0.08860558274995782,-0.5550992319698981
0.0886055827499578,0.555099231969898
0.057389169324993536,-0.5818773541269067
0.05738916932499375,0.5818773541269067
0.05738916932499355,0.5818773541269067
0.05738916932499375,-0.5818773541269069
0.03176222573213993,-0.5534429989328445
0.03176222573213965,0.5534429989328444
0.0317622257321398,0.5534429989328445
0.031762225732139736,-0.5534429989328445
0.02416123170584749,-0.5824394941458725
0.009030510632731229,0.5564990824525672
0.006046428223025495,0.5592877059688715
0.08464364549513702,0.547516680400822
0.028109473238905627,0.6092614279744213
0.4370379183292109,-0.2728794824410679
0.320951075416746,-0.3687087151203931
0.05914114070161685,-0.5301495146895947
0.05914114070161685,-0.5301495146895947
0.0878737755687809,0.5473130711729028
0.030172796246598417,0.5495964881154892
0.03017279624659837,-0.5495964881154892
0.09204862885439026,0.5691494179497474
0.09204862885439058,-0.5691494179497475
0.09204862885439033,-0.5691494179497474
0.0920486288543904,0.5691494179497475
0.04717397623300816,-0.5939499741957692
0.06188259715251456,-0.5002395307661922
0.06188259715251465,0.5002395307661921
0.006908061794888387,0.5735485598960987
0.10098098435079243,0.5676158448978535
0.10098098435079236,-0.5676158448978533
0.06773567702147144,-0.5522324143104798
0.02904452708839805,0.5596903845441431
0.08188811162125621,-0.5472979338913649
0.08188811162125649,0.5472979338913648
0.08188811162125638,-0.5472979338913649
0.054355887915423125,0.5723805375066926
0.35136733627812977,-0.3547506908068501
0.006544532431501254,-0.5776431959838653
0.054326845849078466,0.52375290349754
0.09653861048650587,-0.6400806459352171
0.7393983680087344,0.07816423749831594
0.3833871244918017,0.3449175071741099
0.7231118562733416,0.04284086773273788
0.052720473153349316,-0.5268167354393528
0.0661722007541043,0.5762191236408711
0.354209513097882,-0.3752006653966662
0.3185546536986664,0.35590672455330324
0.33109020171902115,0.35258901258319186
0.3349570424534881,0.3661974805406799
0.33495704245348795,-0.3661974805406799
0.3996144450084788,0.33834331508672394
0.03835150566769708,-0.5653436246565159
0.038351505667697294,0.5653436246565159
0.03835150566769721,-0.565343624656516
0.03835150566769708,0.5653436246565158
0.03955158734100631,-0.5890666345209716
0.0741677645456795,-0.5860781512792792
0.07416776454567957,0.5860781512792792
0.07416776454567953,-0.5860781512792793
0.0741677645456795,0.5860781512792793
0.061392315122003015,0.6213499763743088
0.061392315122003015,-0.6213499763743088
0.06139231512200324,0.6213499763743088
0.030084916675695763,-0.5628046825873978
0.030084916675695583,0.5628046825873977
0.06284110941185911,-0.6004800981494709
0.06284110941185915,0.6004800981494709
0.06028655089868901,0.5765095175856304
0.041146041085205434,0.5765432487916412
0.04114604108520556,-0.5765432487916412
0.04114604108520556,-0.5765432487916412
0.021502775009295868,0.5799324437654279
0.015768600355207992,-0.5744060687584187
0.01576860035520834,0.5744060687584187
0.01576860035520834,0.5744060687584187
0.07407289924556848,0.5516984439043676
0.07407289924556848,0.5516984439043676
0.07407289924556842,-0.5516984439043676
0.07407289924556833,0.5516984439043675
0.0740728992455686,-0.5516984439043675
0.04081528110166351,0.537850965490126
0.04081528110166351,0.537850965490126
0.040815281101663485,-0.537850965490126
0.04081528110166339,0.5378509654901259
0.04081528110166363,-0.5378509654901261
0.06019692351708315,0.5514334362344511
0.06019692351708315,0.5514334362344511
0.06019692351708308,-0.5514334362344511
0.06019692351708305,0.5514334362344511
0.06019692351708325,-0.5514334362344511
0.06123543474270635,-0.5305426784654587
0.0612354347427061,0.5305426784654587
0.053390251571577785,-0.5605572682130535
0.05339025157157794,0.5605572682130535
0.033824568026051216,0.5831362495149222
0.033824568026051216,0.5831362495149222
0.03382456802605094,-0.5831362495149219
0.03382456802605114,0.5831362495149222
0.033824568026051265,-0.5831362495149219
0.033824568026051015,0.5831362495149219
0.03382456802605111,-0.5831362495149222
0.209340338159556,0.06139812103630065
0.08099921707414882,0.15346586164798245
0.015148182822215018,0.5814842839370381
0.0151481828222154,-0.5814842839370383
0.015148182822215259,0.5814842839370381
0.034086603780097674,-0.5685045087220351
0.03408660378009785,0.5685045087220352
0.0431881131464282,-0.5778268778824411
0.06450063171248208,-0.5785934657627871
0.06450063171248195,0.5785934657627871
0.06450063171248198,-0.5785934657627873
0.11592479845563244,-0.5510708833789306
0.1159247984556326,0.5510708833789305
0.11592479845563243,-0.5510708833789306
0.11592479845563232,0.5510708833789305
0.01670962479692224,-0.6101774275453198
0.016709624796921986,0.6101774275453197
0.01670962479692196,-0.6101774275453197
0.016709624796922087,0.6101774275453197
0.0507862764249297,-0.5773024575108056
0.050786276424929985,0.5773024575108056
0.05078627642492995,-0.5773024575108056
0.05078627642492985,0.5773024575108056
0.10952591149280028,-0.5482392701441509
0.10952591149280046,0.5482392701441509
0.10952591149280036,-0.5482392701441509
0.1095259114928002,0.5482392701441509
0.03312866585619487,-0.5686072709835669
0.012766258189990757,-0.5805373322791926
0.012766258189990996,0.5805373322791926
0.029905158789467045,-0.5479748237901509
0.02990515878946696,0.5479748237901508
0.029905158789466868,-0.5479748237901508
0.045073531795501255,-0.5670229540124743
0.0450735317955016,0.5670229540124744
0.04507353179550151,-0.5670229540124744
0.03423088717284327,0.5789327050198815
0.03423088717284313,-0.5789327050198817
0.03423088717284314,0.5789327050198816
0.05832898777749972,-0.5687877309590861
0.058328987777499626,0.5687877309590861
0.058328987777499626,0.5687877309590861
0.05832898777749971,-0.5687877309590861
0.06853220063998873,-0.561764959515688
0.06853220063998858,0.5617649595156881
0.06853220063998851,0.5617649595156881
0.06853220063998877,-0.5617649595156881
0.08993935268161378,-0.5639445552361104
0.08993935268161364,0.5639445552361103
0.08993935268161349,0.5639445552361103
0.08993935268161372,-0.5639445552361102
0.0908407214485468,-0.5533740786534707
0.09084072144854667,0.5533740786534708
0.0908407214485466,0.5533740786534707
0.0908407214485469,-0.5533740786534708
0.10234963825849393,-0.5659045789178704
0.1023496382584938,0.5659045789178705
0.10234963825849368,0.5659045789178705
0.10234963825849393,-0.5659045789178704
0.12821159996153295,-0.5088172796406583
0.1282115999615329,0.5088172796406583
0.12821159996153278,0.5088172796406584
0.128211599961533,-0.5088172796406583
0.13467950933142156,-0.5118274093892915
0.13467950933142145,0.5118274093892914
0.13467950933142134,0.5118274093892915
0.13467950933142162,-0.5118274093892915
0.1459643307311025,-0.5324404770991591
0.1459643307311024,0.532440477099159
0.14596433073110232,0.5324404770991591
0.14596433073110252,-0.5324404770991591
0.1384166568454756,-0.4798453374053088
0.1384166568454754,0.4798453374053087
0.13841665684547538,0.4798453374053088
0.13841665684547558,-0.4798453374053087
0.09829277321657864,-0.5598051875913436
0.0982927732165786,0.5598051875913437
0.09829277321657838,0.5598051875913437
0.09829277321657864,-0.5598051875913437
0.08235540301217681,-0.5519556577348568
0.08235540301217673,0.5519556577348568
0.08235540301217657,0.5519556577348568
0.08235540301217681,-0.5519556577348568
0.09963385420255344,-0.5378460390683136
0.09963385420255327,0.5378460390683136
0.09963385420255312,0.5378460390683136
0.09963385420255337,-0.5378460390683136
0.0802817139272541,-0.5844241323856466
0.0802817139272542,0.5844241323856467
0.08028171392725401,0.5844241323856467
0.0802817139272541,-0.5844241323856467
0.09623438359344096,-0.5158668704732612
0.09623438359344083,0.5158668704732612
0.09623438359344072,0.5158668704732611
0.09623438359344097,-0.5158668704732612
0.12679034741790773,-0.5096393273220239
0.12679034741790765,0.5096393273220239
0.12679034741790754,0.5096393273220239
0.1267903474179078,-0.5096393273220239
0.02109648526165939,0.5826146419691183
0.034364231390029865,-0.5948302421750257
0.03436423139002992,0.5948302421750257
0.0343642313900299,-0.5948302421750257
0.034364231390030024,0.5948302421750257
0.022831276793303136,0.5804399321044359
0.09735592998782837,0.5487465160595559
0.0973559299878284,-0.5487465160595559
0.09735592998782848,-0.5487465160595558
0.09735592998782826,0.5487465160595558
0.0973559299878285,0.5487465160595559
0.09735592998782824,-0.5487465160595558
0.048165927998247655,-0.5707761259674625
0.04976547054282652,-0.553105485698098
0.027854092311603924,-0.5618493450730713
0.01821513947809957,-0.5563844441565965
0.09860267764294917,-0.550762311959731
0.09860267764294936,0.5507623119597311
0.09860267764294917,0.5507623119597311
0.0986026776429494,-0.550762311959731
0.044722301354393486,-0.5581797985496418
0.08043632317881094,0.533812528175399
0.027456203331951333,-0.5635101076188483
0.027456203331951628,0.5635101076188483
0.5214670664286145,0.1645168243992694
0.5214670664286146,-0.16451682439926946
0.0318175254984469,0.527313997845729
0.0318175254984468,-0.527313997845729
0.031817525498446936,0.527313997845729
0.01848138658441879,0.5581941657351679
0.0184813865844189,-0.5581941657351679
0.018481386584418964,0.5581941657351679
0.023508351847339702,-0.5579400700864356
0.023508351847339487,-0.5579400700864358
0.023508351847339785,0.5579400700864358
0.023508351847339716,-0.5579400700864356
0.0801653726355693,-0.5659316649583993
0.08016537263556921,0.5659316649583992
0.08016537263556915,-0.5659316649583992
0.08016537263556907,0.5659316649583993
0.09263322237915758,-0.5279287704225623
0.09263322237915736,0.5279287704225623
0.06063078647224876,-0.5963340805330777
0.03370980936154989,0.5811616776215675
0.033000155115145834,0.5761277175669377
0.03300015511514573,0.5761277175669376
0.033000155115145736,-0.5761277175669376
0.033000155115145674,0.5761277175669375
0.06625127256513229,0.5591881237450482
0.06625127256513239,-0.5591881237450482
0.06625127256513243,-0.5591881237450482
0.06625127256513239,0.5591881237450482
0.03276062107176294,0.5759629242794793
0.013752924755938005,-0.5192005869565383
0.013752924755938251,0.5192005869565383
0.013752924755938251,0.5192005869565383
0.028510750491470907,-0.5887987874265983
0.02851075049147085,0.5887987874265983
0.041628539454949376,-0.5672261248835974
0.00849336853252333,-0.5514051419623489
0.0662077289984944,-0.5633635893734386
0.06620772899849453,0.5633635893734386
0.06619057186736292,-0.563383842532836
0.06619057186736298,0.563383842532836
0.07288988316306808,-0.5389649574967078
0.07288988316306802,0.5389649574967079
0.07288988316306813,-0.5389649574967079
0.1252853678969396,-0.5566600605450502
0.12528536789693953,0.5566600605450502
0.12528536789693945,0.5566600605450502
0.12528536789693967,-0.5566600605450502
0.038870669798038125,-0.602349282080462
0.03887066979803833,0.6023492820804619
0.038870669798038215,-0.602349282080462
0.03887066979803799,0.6023492820804619
0.04191281999620672,-0.5548560930665696
0.0419128199962065,0.5548560930665695
0.04191281999620677,0.5548560930665695
0.041912819996206524,-0.5548560930665695
0.05070844912858707,-0.5589133941470898
0.0507084491285869,0.5589133941470898
0.05070844912858696,-0.5589133941470898
0.05070844912858705,0.5589133941470898
0.07460511304429622,-0.5268150390895828
0.07460511304429629,0.5268150390895829
0.07460511304429615,0.5268150390895827
0.0746051130442964,-0.5268150390895827
0.07968198807716788,-0.5320244946534942
0.07968198807716786,0.5320244946534941
0.07968198807716788,-0.5320244946534941
0.07968198807716775,0.5320244946534942
0.07007771652061827,-0.5865886460090428
0.07007771652061794,0.5865886460090427
0.03869974652588956,0.5846614752231974
0.0386997465258892,-0.5846614752231977
0.08422568033201534,-0.5898351159526546
0.08422568033201518,0.5898351159526546
0.023838213202875574,0.594387645239639
0.023838213202875717,-0.594387645239639
0.023838213202875567,0.594387645239639
0.023838213202875484,-0.5943876452396393
0.02693681564573821,-0.5745014294997324
0.09388841792326967,0.5371466515216462
0.09388841792326992,-0.5371466515216462
0.06336857121712583,-0.6276387295656722
0.06336857121712584,0.6276387295656721
0.05010028948033466,-0.5886609364750034
0.12152896451001703,-0.5522218118770374
0.12152896451001692,0.5522218118770374
0.12152896451001688,-0.5522218118770373
0.1215289645100169,0.5522218118770373
0.060163194652745285,0.5625904595638636
0.02905555102001049,0.5735784578301416
0.050637508622042735,-0.5584266704823003
0.05063750862204285,0.5584266704823003
0.050637508622042963,-0.5584266704823005
0.0506375086220428,0.5584266704823003
0.031020136379322355,-0.5779458030768367
0.031020136379322324,0.5779458030768366
0.03102013637932229,-0.5779458030768367
0.01740344761733791,0.5775078901724199
0.0415565299958586,0.5632949010741267
0.04155652999585868,-0.5632949010741267
0.041556529995858835,0.5632949010741267
0.041556529995858765,-0.5632949010741267
0.05218159973647832,0.5635924170203904
0.052181599736478367,-0.5635924170203904
0.024050510456498968,-0.5640404678246485
0.02405051045649921,0.5640404678246485
0.006760972094472387,-0.5808959059170474
0.0067609720944726065,0.5808959059170474
0.0067609720944725405,-0.5808959059170477
0.029037120535166005,-0.5624023874762798
0.029037120535166005,-0.5624023874762798
0.02903712053516626,0.5624023874762798
0.011865747072813742,-0.5316640999185209
0.01186574707281387,0.5316640999185209
0.06548667464833696,-0.526827752041653
0.0654866746483371,0.5268277520416529
0.06548667464833709,0.5268277520416529
0.06548667464833699,-0.5268277520416529
0.059373242526116886,-0.5897243659037712
0.05937324252611712,0.5897243659037712
0.05937324252611715,-0.5897243659037712
0.05937324252611706,0.5897243659037713
0.033627589330100266,-0.5776954171432928
0.04206468896848321,-0.5260679331836258
0.042064688968483366,0.5260679331836258
0.042064688968483435,-0.5260679331836259
0.042064688968483366,0.5260679331836258
0.07848893944203257,-0.5541261277559436
0.07848893944203278,0.5541261277559437
0.07848893944203272,-0.5541261277559438
0.008902638069951728,-0.5948365999266003
0.008902638069952033,0.5948365999266002
0.008902638069951905,-0.5948365999266002
0.008902638069951738,0.5948365999266003
0.08740227486004469,0.5657326608466172
0.0874022748600447,-0.5657326608466171
0.08740227486004461,0.5657326608466172
0.045331674883560866,-0.555027738232405
0.0453316748835606,0.555027738232405
0.0453316748835607,-0.555027738232405
0.045331674883560914,0.5550277382324051
0.11077337763183703,-0.5562477533040323
0.11077337763183707,0.5562477533040323
0.11077337763183696,-0.5562477533040324
0.11077337763183694,0.5562477533040325
0.06663219843276631,-0.5655917911111802
0.06663219843276649,0.5655917911111804
0.06663219843276644,-0.5655917911111802
0.06663219843276624,0.5655917911111802
0.011574840411368432,0.5826917896226362
0.022071041353788304,-0.5710051722343652
0.025189535234328025,0.5551303112965539
0.06000423552123025,-0.5658988420495054
0.005375594483729409,0.565954475661189
0.03524486469374947,-0.5778050955008591
0.06953021603728013,-0.570595747544165
0.06953021603728035,0.5705957475441649
0.06953021603728028,-0.5705957475441648
0.06953021603728013,0.5705957475441649
0.11599952147465573,-0.546250138339781
0.11599952147465585,0.5462501383397809
0.11599952147465567,-0.5462501383397809
0.04877239453734394,-0.5928785530136986
0.04877239453734421,0.5928785530136987
0.048772394537344124,-0.5928785530136986
0.048772394537343985,0.5928785530136987
0.0463741119052948,-0.5825337875321083
0.04637411190529467,0.5825337875321083
0.04637411190529488,0.5825337875321083
0.02034593549356773,0.5694308407703461
0.02034593549356799,-0.5694308407703461
0.020345935493567918,0.5694308407703461
0.02034593549356775,-0.5694308407703461
0.01162490942952118,-0.5740359676166964
0.011624909429521385,0.5740359676166964
0.011624909429521216,-0.5740359676166964
0.011624909429521107,0.5740359676166964
0.08145765816096709,0.551989868295045
0.00791000842140658,-0.5721769779859813
0.013212925563835385,-0.5597486119568802
0.0740127322815306,-0.5673542859382829
0.07401273228153034,0.5673542859382829
0.07401273228153048,0.567354285938283
0.07867099517825679,-0.5535628836499231
0.07867099517825685,0.5535628836499231
0.07867099517825675,-0.5535628836499232
0.07867099517825664,0.5535628836499229
0.0486502298566969,-0.5852354411849411
0.048650229856697015,0.5852354411849411
0.048650229856696765,-0.5852354411849411
0.0611378107758746,0.5925524388724142
0.061137810775874886,-0.5925524388724142
0.06113781077587476,0.5925524388724142
0.061137810775874685,-0.5925524388724142
0.015012747020331788,-0.5614872423266728
0.024300149443190342,0.572957067430433
0.024300149443190082,-0.5729570674304326
0.02430014944319012,0.5729570674304331
0.02430014944319029,-0.572957067430433
0.08402440035324481,-0.5139844789155052
0.08402440035324484,0.513984478915505
0.08402440035324484,0.513984478915505
0.03225510648235372,-0.5776085646623746
0.03225510648235378,0.5776085646623745
0.031076860531643043,-0.5684460430621929
0.031076860531643363,0.5684460430621928
0.031076860531643317,-0.5684460430621928
0.031076860531643175,0.5684460430621927
0.03129448222253383,0.5390698898583096
0.010196917698845202,-0.5937279170449781
0.010196917698845492,0.5937279170449781
0.010196917698845436,-0.5937279170449781
0.010196917698845436,0.5937279170449781
0.1162980006081637,-0.58758932782559
0.116298000608164,0.58758932782559
0.11629800060816385,-0.5875893278255899
0.0313633262636354,-0.5848924963978429
0.03136332626363519,0.5848924963978429
0.03136332626363537,-0.5848924963978429
0.05444921853780891,-0.5877869194603084
0.0616066054188552,-0.5671812007715077
0.06615684824435862,-0.6116745010039062
0.06615684824435875,0.6116745010039064
0.06615684824435879,0.6116745010039062
0.06615684824435866,-0.6116745010039063
0.05008894263620713,-0.5955712524606279
0.050088942636206855,0.5955712524606279
0.05008894263620694,-0.5955712524606279
0.030906201752683413,0.5717328587522501
0.030906201752683174,-0.57173285875225
0.03647519577054568,-0.5903200699050817
0.03647519577054555,0.5903200699050816
0.0364751957705457,-0.5903200699050816
0.07187907622168299,-0.5699256757648201
0.07187907622168321,0.5699256757648202
0.07187907622168305,0.5699256757648202
0.0718790762216832,-0.5699256757648202
0.07545711073422734,0.568697769304006
0.07545711073422741,-0.568697769304006
0.07545711073422726,-0.5686977693040058
0.07545711073422749,0.568697769304006
0.08708799796373827,-0.5482508106239806
0.08708799796373833,0.5482508106239807
0.053497571619628585,-0.5752886020751994
0.053497571619628606,0.5752886020751993
0.053497571619628766,0.5752886020751993
0.05349757161962853,-0.5752886020751994
0.07647169618039812,0.5779702679506078
0.07647169618039819,-0.5779702679506079
0.0764716961803981,0.5779702679506079
0.07647169618039801,-0.5779702679506078
0.052270751256636,0.5655527487517126
0.052270751256636216,-0.5655527487517126
0.052270751256636036,-0.5655527487517125
0.052270751256636126,0.5655527487517126
0.05602915151491153,-0.5951527669132545
0.05602915151491167,0.5951527669132545
0.05602915151491155,-0.5951527669132545
0.03222752232278815,0.5811343502871421
0.03222752232278823,-0.5811343502871421
0.03222752232278798,0.5811343502871421
0.03222752232278808,-0.5811343502871421
0.09909379934022354,0.5685595962165546
0.09909379934022336,0.5685595962165545
0.09909379934022346,-0.5685595962165544
0.03184462358808229,-0.555871318865663
0.03184462358808237,0.5558713188656629
0.03184462358808248,-0.5558713188656627
0.12033742799342854,-0.5930459746430115
0.12033742799342867,0.5930459746430112
0.1203374279934287,-0.5930459746430115
0.12033742799342866,0.5930459746430115
0.022674291670599277,0.5764984924770522
0.022674291670599072,0.5764984924770522
0.02267429167059932,-0.5764984924770521
0.022674291670599263,0.5764984924770521
0.048411488964594254,-0.5713958751772342
0.04841148896459427,0.5713958751772342
0.11798694320402285,0.5306058757563048
0.1179869432040231,-0.5306058757563048
0.11798694320402303,0.5306058757563048
0.06307840182937162,0.5887633731109009
0.06307840182937187,-0.5887633731109008
0.0630784018293719,0.588763373110901
0.06307840182937176,-0.5887633731109009
0.052179410595217884,0.5833107197157129
0.02281027921332768,-0.6005334828180279
0.02281027921332791,0.6005334828180279
0.022810279213327657,0.6005334828180278
0.022810279213327917,-0.6005334828180279
0.08765433086095438,-0.5691715133575083
0.08765433086095432,0.5691715133575083
0.08765433086095423,-0.5691715133575083
0.0876543308609542,0.5691715133575082
0.03769661345422429,-0.5512237820207601
0.037696613454224565,0.5512237820207601
0.037696613454224585,-0.5512237820207598
0.06746408562229582,-0.5919413276348259
0.06746408562229599,0.5919413276348259
0.06746408562229585,-0.5919413276348259
0.06746408562229576,0.5919413276348258
0.019949788837026437,0.5660044054522161
0.01994978883702673,-0.5660044054522161
0.019949788837026625,0.5660044054522161
0.01994978883702644,-0.5660044054522161
0.023662851567051592,0.5592851870429932
0.023662851567051592,-0.5592851870429932
0.023662851567051685,0.5592851870429933
0.023662851567051682,-0.5592851870429932
0.02326800848625737,0.5734329070630387
0.03278782757256029,0.5794761426664959
0.03278782757256029,0.5794761426664959
0.03278782757256017,-0.5794761426664959
0.03278782757256014,0.5794761426664959
0.09448299346800933,-0.53095816628824
0.09448299346800923,0.53095816628824
0.09448299346800923,0.53095816628824
0.02118371326224337,-0.5800727999506188
0.02118371326224346,0.5800727999506188
0.06328673772501006,0.5686547611059614
0.06328673772500977,-0.5686547611059614
0.06328673772500998,-0.5686547611059614
0.0632867377250099,0.5686547611059614
0.01853366798263077,0.5840193572728027
0.018533166345550127,-0.5840129967412895
0.07260032199578971,-0.5729454218674328
0.07260032199578971,0.5729454218674326
0.07260032199578954,-0.5729454218674327
0.025320956447854558,-0.6011558412159527
0.025320956447854842,0.6011558412159526
0.025320956447854818,-0.6011558412159526
0.027843174000098246,-0.5804394571180107
0.027843174000098347,0.5804394571180107
0.02784317400009824,-0.5804394571180108
0.02784317400009818,0.5804394571180108
0.029191000276270213,-0.5625439677723648
0.0291910002762705,0.5625439677723648
0.029191000276270418,-0.5625439677723649
0.029191000276270238,0.5625439677723647
0.024989211562832268,-0.561132867700031
0.024989211562832462,0.5611328677000308
0.024989211562832396,-0.561132867700031
0.02498921156283228,0.5611328677000308
0.03889015580612521,-0.5632100070940811
0.03889015580612537,0.5632100070940811
0.03889015580612533,-0.5632100070940813
0.03889015580612518,0.5632100070940813
0.07792320101929855,0.5794710900464772
0.07792320101929863,-0.5794710900464773
0.07792320101929852,0.5794710900464772
0.16569326820885927,0.5549779754632008
0.16569326820885907,-0.5549779754632009
0.16569326820885913,0.5549779754632009
0.07822099684326092,-0.590479639861085
0.07822099684326117,0.5904796398610848
0.07822099684326096,0.590479639861085
0.07822099684326121,-0.5904796398610849
0.13148869336495098,-0.5353890844709571
0.13148869336495098,0.5353890844709573
0.1314886933649509,-0.5353890844709573
0.10928395439990196,-0.4936075980342162
0.109283954399902,0.4936075980342163
0.109283954399902,0.4936075980342163
0.10736557487666673,-0.5708235681102012
0.10736557487666697,0.5708235681102012
0.05758514588775579,-0.5304325714644832
0.057585145887755824,0.5304325714644832
0.057585145887755824,0.5304325714644832
0.04433371382757118,-0.5942645286001476
0.04433371382757122,0.5942645286001476
0.03991706148761413,-0.6070457699738444
0.0399170614876142,0.6070457699738444
0.039917061487614015,0.6070457699738445
0.03991706148761432,-0.6070457699738444
0.08171530072964334,-0.5704919800638221
0.08171530072964339,0.5704919800638217
0.08171530072964332,-0.5704919800638218
0.04653499897968569,-0.5734504941807042
0.04653499897968578,0.5734504941807042
0.04653499897968564,-0.5734504941807042
0.08079964747984633,-0.5699870892825849
0.08079964747984637,0.5699870892825849
0.08079964747984625,-0.5699870892825849
0.07649130114355275,-0.5889598415845412
0.07649130114355313,0.5889598415845411
0.07649130114355293,-0.5889598415845411
0.07649130114355276,0.5889598415845411
0.05327846982776715,0.5686212883308899
0.018004877008159375,0.5808000423288923
0.019859811296196912,-0.6086402487422228
0.019859811296197,0.6086402487422229
0.01985981129619677,0.6086402487422228
0.01985981129619697,-0.6086402487422228
0.07220581285757402,0.5786502819119126
0.008301044123933992,0.6004550005147715
0.017439494874656424,-0.5609604893187061
0.017439494874656698,0.5609604893187061
0.01743949487465653,0.5609604893187061
0.017439494874656576,-0.560960489318706
0.03315217479856559,-0.5728833682597129
0.03315217479856557,0.5728833682597128
0.033152174798565484,-0.5728833682597128
0.03315217479856545,0.5728833682597128
0.021490982486775924,-0.5665484028790387
0.021490982486776174,0.566548402879039
0.02149098248677601,0.5665484028790391
0.02149098248677616,-0.566548402879039
0.03330455400700081,-0.5735189186171847
0.03330455400700083,0.5735189186171848
0.03330455400700065,-0.5735189186171847
0.03330455400700068,0.5735189186171847
0.02392945161599185,-0.5632606158514624
0.023929451615992126,0.5632606158514623
0.023929451615991887,0.5632606158514624
0.02392945161599202,-0.5632606158514624
0.03473505940134507,-0.5690303721313413
0.03473505940134503,0.5690303721313414
0.03473505940134489,-0.5690303721313414
0.03473505940134492,0.5690303721313413
0.02695838240996539,-0.5623650430924733
0.026958382409965724,0.5623650430924733
0.02695838240996549,0.5623650430924733
0.026958382409965613,-0.5623650430924733
0.03524852099090809,-0.5715957853319183
0.035248520990908104,0.5715957853319185
0.035248520990907944,-0.5715957853319185
0.03524852099090798,0.5715957853319185
0.08132250273866415,0.5608586142039875
0.08132250273866415,-0.5608586142039874
0.081322502738664,0.5608586142039874
0.12423152426678635,0.5420874258216395
0.12423152426678626,-0.5420874258216395
0.12423152426678614,0.5420874258216395
0.1663018110976546,-0.5566913248220953
0.16630181109765493,0.5566913248220953
0.16630181109765454,0.5566913248220952
0.16630181109765466,-0.5566913248220953
0.17663753345308514,-0.5687150201859414
0.17663753345308542,0.5687150201859414
0.17663753345308533,-0.5687150201859414
0.05631916081873738,0.5666064926866342
0.0510125573158328,-0.5868851401773882
0.05101255731583298,0.5868851401773882
0.05101255731583288,-0.5868851401773882
0.05101255731583272,0.5868851401773882
0.08683704586343867,-0.541113753273347
0.08683704586343849,0.541113753273347
0.08683704586343856,0.541113753273347
0.08683704586343875,-0.5411137532733471
0.07187927921982044,-0.4615174586509662
0.07187927921982037,0.4615174586509662
0.07187927921982028,0.461517458650966
0.07187927921982057,-0.4615174586509662
0.025852240232284208,-0.6000688140027726
0.025852240232284374,0.6000688140027726
0.0258522402322844,0.6000688140027727
0.025852240232284163,-0.6000688140027726
0.07952950286680505,-0.5749310290049578
0.07952950286680494,0.5749310290049578
0.07952950286680477,0.5749310290049578
0.07952950286680505,-0.5749310290049578
0.4072017843390594,0.30239089059338925
0.4072017843390594,0.30239089059338925
0.04201298393844215,-0.613364666134178
0.042012983938442286,0.6133646661341778
0.04201298393844232,0.6133646661341778
0.0420129839384422,-0.613364666134178
0.0413332931255674,-0.5448442059768775
0.04133329312556717,0.5448442059768774
0.041333293125567286,-0.5448442059768777
0.08195046123796212,-0.5610876085285295
0.08195046123796229,0.5610876085285296
0.08194802222420497,0.5611153981669115
0.08194802222420497,-0.5611153981669115
0.03546251587225132,0.5790044466390805
0.035462515872251084,-0.5790044466390806
0.035461143024402834,0.5790374614222699
0.035461143024402585,-0.57903746142227
0.03274231768441794,-0.5616252293567765
0.09426036112866702,-0.4713991749468333
0.0942603611286668,0.4713991749468333
0.0942603611286668,0.4713991749468333
0.06575825540171493,-0.6004647499435072
0.06575825540171472,0.6004647499435072
0.03665221831831732,-0.5555392283835859
0.05358476149305125,0.5654959703362534
0.053584761493051435,-0.5654959703362534
0.019277082580054755,-0.5707532050819579
0.01927708258005466,0.5707532050819578
6.610238949615984e-05,-0.587620100188966
6.610238949593102e-05,0.587620100188966
6.610238949611781e-05,0.587620100188966
6.61023894959123e-05,-0.5876201001889662
6.610238949592234e-05,-0.587620100188966
6.61023894959147e-05,0.587620100188966
0.01958440393573729,0.5581623603148375
0.01958440393573756,-0.5581623603148376
0.019584403935737328,-0.5581623603148375
0.019584403935737474,0.5581623603148376
0.03943445774381363,0.58434976004314
0.03937691198603965,0.5843495453866079
0.042570458076154914,-0.585041915840203
0.023580135608913345,0.5598312929565367
0.023580135608913116,0.5598312929565368
0.02358013560891342,-0.5598312929565368
0.02358013560891335,0.5598312929565367
0.02358013560891319,-0.5598312929565367
0.07177352725672059,0.5739327169441756
0.07177352725672037,-0.5739327169441754
0.0245187896611676,-0.547284855546043
0.024518789661167547,0.547284855546043
0.02451878966116744,-0.5472848555460429
0.024518789661167488,0.5472848555460429
0.06228422693492089,0.5618892100834261
0.013322143993493098,0.5825924574632587
0.013322143993493327,0.5825924574632588
0.013322143993493045,-0.5825924574632587
0.013322143993493131,0.5825924574632587
0.015882952436925776,0.5819116525267629
0.04653080529179199,0.5737923341086166
0.03537843702502205,0.5459238010263131
0.03537843702502201,-0.5459238010263131
0.035378437025022205,-0.545923801026313
0.0353784370250222,0.5459238010263131
0.060519509257671765,-0.5494474859058094
0.060519509257671585,0.5494474859058093
0.032640911572879565,0.5664004422273095
0.01946483535150519,0.5507940890144543
0.01946483535150519,0.5507940890144543
0.12269813656190302,-0.5458181391198909
0.12269813656190315,0.5458181391198909
0.12269813656190298,0.5458181391198909
0.1226981365619032,-0.5458181391198909
0.040055021888213686,-0.5900764064098818
0.040055021888213437,0.5900764064098817
0.04005502188821351,-0.5900764064098818
0.04005502188821363,0.5900764064098817
0.04216848279605466,-0.5549846880858232
0.04216848279605458,-0.5549846880858232
0.0421684827960548,0.5549846880858231
0.04216848279605479,-0.554984688085823
0.06640531342462387,0.5670457749415342
0.06640531342462377,-0.5670457749415342
0.06640531342462395,-0.5670457749415342
0.066405313424624,0.5670457749415342
0.031139282699346394,0.5534046753490531
0.04456314867495317,-0.579930953134885
0.04456314867495315,0.579930953134885
0.04456314867495299,0.579930953134885
0.04456314867495331,-0.579930953134885
0.046163683415526485,-0.5674874629997068
0.04616368341552663,0.5674874629997068
0.04616368341552653,-0.5674874629997068
0.060859523491513225,-0.5609779112806348
0.06085952349151313,0.5609779112806347
0.06085952349151336,-0.5609779112806349
0.06085952349151319,0.560977911280635
0.07517962483963922,0.6073194587111025
0.07517962483963896,-0.6073194587111025
0.07517962483963912,-0.6073194587111025
0.07517962483963891,0.6073194587111025
0.07523755843977582,-0.6073525559633267
0.07523755843977566,0.6073525559633266
0.07523755843977563,-0.6073525559633267
0.07523755843977563,0.6073525559633267
0.026456300800582474,0.5666619246443902
0.0923999957675632,0.5676386880922831
0.09239999576756322,-0.5676386880922832
0.0923999957675634,0.5676386880922831
0.09239999576756333,-0.5676386880922832
0.048104423521068494,0.5771611495724727
0.014477072719813003,-0.5641473925371584
0.038511899804464365,-0.5862140776119522
0.04165125869140366,-0.5715996627702488
0.04165125869140384,0.5715996627702489
0.04165125869140368,-0.5715996627702489
0.05624273241668371,0.5901411171445239
0.05624873279925259,0.571739895922734
0.056248732799252736,-0.5717398959227339
0.056248732799252535,0.5717398959227339
0.056248732799252486,-0.5717398959227339
0.058194715296083575,-0.5858137021396076
0.05819471529608384,0.5858137021396076
0.058194715296083735,0.5858137021396076
0.05819471529608367,-0.5858137021396076
0.029085970795343027,0.5865074083699299
0.029085970795342937,-0.5865074083699297
0.02908597079534288,-0.5865074083699299
0.029085970795343138,0.5865074083699298
0.029085970795343162,0.5865074083699299
0.02908597079534305,-0.5865074083699299
0.03092575408354668,0.5830788461871692
0.07601725770088978,0.5626326172160859
0.07601725770089007,-0.562632617216086
0.07601725770088992,0.562632617216086
0.0566692665925868,-0.5826734181002834
0.05666926659258718,0.5826734181002833
0.056669266592586975,0.5826734181002834
0.056669266592586975,-0.5826734181002833
0.0356052611694867,-0.5679108214035706
0.035605261169486827,0.5679108214035706
0.035605261169486625,0.5679108214035706
0.035605261169486944,-0.5679108214035706
0.03560526116948708,-0.5679108214035706
0.035605261169486827,0.5679108214035706
0.07587967527077992,-0.5384540611948747
0.07587967527077992,-0.5384540611948747
0.07587967527077981,0.5384540611948747
0.07587967527077981,0.5384540611948747
0.3398636857727692,0.39854772138707706
0.3398636857727692,0.39854772138707706
0.33986368577276915,-0.39854772138707706
0.3398636857727693,0.39854772138707706
0.33986368577276915,-0.39854772138707706
0.08135249268234368,0.5585198163871413
0.05799998995721142,-0.5700524029250508
0.057999989957211576,0.5700524029250509
0.05799998995721136,-0.5700524029250508
0.031123568425265074,-0.5680134567124623
0.2485781982387127,-0.4451433572229924
0.06745279343853182,0.5827438106934567
0.06745279343853211,-0.5827438106934568
0.06745279343853201,0.5827438106934567
0.047206965510321386,-0.5680623928560753
0.04720696551032115,0.5680623928560752
0.04720696551032148,-0.5680623928560752
0.047206965510321455,0.5680623928560753
0.029135436970916938,-0.562967199402235
0.029135436970916962,-0.562967199402235
0.09024137220326713,0.587549278481011
0.09024137220326743,-0.5875492784810108
0.09024137220326732,0.587549278481011
0.026056412310309703,-0.5801064464827657
0.054231824189374486,0.5570525997985014
0.05423182418937441,-0.5570525997985015
0.05423182418937434,0.5570525997985015
0.05423182418937431,-0.5570525997985015
0.08270212669736098,-0.5780844675836536
0.08270212669736125,0.5780844675836536
0.08270212669736116,0.5780844675836536
0.08270212669736114,-0.5780844675836535
0.07354496424224671,-0.5443701239150294
0.0735449642422468,0.5443701239150293
0.07354496424224671,-0.5443701239150294
0.0366598271505875,0.5555752506041284
0.0366598271505876,-0.5555752506041285
0.03665982715058743,0.5555752506041283
0.03665982715058732,-0.5555752506041284
0.030327783278704033,0.5428299839714115
0.03032778327870408,-0.5428299839714116
0.030327783278703942,0.5428299839714115
0.03032778327870394,-0.5428299839714115
0.059383235013474665,-0.5623476385630216
0.01196572294594451,0.5925962268278364
0.011965722945944654,-0.5925962268278364
0.011965722945944552,-0.5925962268278366
0.011965722945944552,0.5925962268278364
0.028810263193004518,-0.5557288755841965
0.028810263193004525,0.5557288755841964
0.02881026319300435,0.5557288755841966
0.028810263193004695,-0.5557288755841964
0.09814039837115276,0.5653353925121581
0.09814039837115264,-0.5653353925121581
0.09814039837115293,-0.5653353925121581
0.09814039837115264,0.5653353925121581
0.03438264586259797,0.6010765151495429
0.03438264586259787,-0.6010765151495427
0.03438264586259775,0.601076515149543
0.07091317298616931,0.5777428653004311
0.07091317298616905,-0.5777428653004312
0.07091317298616909,0.5777428653004311
0.07091317298616917,-0.5777428653004311
0.3639895091167007,-0.3291257461066873
0.02315802099609775,-0.5835680118951005
0.02315802099609785,0.5835680118951005
0.02315802099609757,0.5835680118951004
0.0231580209960977,-0.5835680118951004
0.05428791148253164,0.5821343704756802
0.05428791148253192,-0.5821343704756802
0.05428791148253165,-0.5821343704756802
0.05428791148253189,0.5821343704756802
0.04860659909537938,-0.5920726000774023
0.04860659909537945,0.5920726000774024
0.0486065990953796,-0.5920726000774021
0.048606599095379566,0.5920726000774021
0.0428192132357126,-0.571141250116994
0.04281921323571284,-0.5711412501169939
0.04281921323571256,0.5711412501169941
0.04281921323571255,-0.571141250116994
0.3567401429962581,0.3296747187352764
0.01711626237192975,-0.571081858546519
0.04405329172556383,-0.5708601735791927
0.04405329172556397,0.5708601735791927
0.0440532917255638,0.5708601735791928
0.04405329172556382,-0.5708601735791926
0.08032138859763606,0.5340202235965933
0.08032138859763628,-0.5340202235965934
0.04822787528618299,-0.5954700605812463
0.0482278752861829,0.5954700605812463
0.04822787528618306,-0.5954700605812465
0.04822787528618308,0.5954700605812463
0.05846895517411727,-0.5702945667647874
0.05846895517411733,0.5702945667647875
0.03153347505862888,0.5592839502320128
0.03153347505862902,-0.5592839502320128
0.031533475058628864,0.5592839502320128
0.03153347505862896,-0.5592839502320128
0.03153347505862883,-0.5592839502320127
0.03153347505862901,0.5592839502320128
0.03153347505862907,0.5592839502320128
0.031533475058628996,-0.5592839502320127
0.04167760786806095,-0.5430890391632509
0.04167760786806105,0.543089039163251
0.041677607868060934,-0.543089039163251
0.007753751647845362,0.5676248031662682
0.02986442330392072,-0.5796406516203203
0.029864423303920824,0.5796406516203204
0.02986442330392069,-0.5796406516203203
0.02986442330392058,0.5796406516203203
0.3812526858102645,-0.35789286208036697
0.02837505381627631,0.5800621236981008
0.028375053816276457,-0.5800621236981011
0.028375053816276526,-0.5800621236981008
0.02837505381627645,0.5800621236981008
0.03440763329526148,0.5890983571041115
0.03440763329526167,-0.5890983571041115
0.034407633295261794,0.5890983571041117
0.03440763329526175,-0.5890983571041115
0.3816220510536387,-0.31778464533019546
0.07130452328493626,-0.5559357152017572
0.3480071021790331,0.3395859327040145
0.09140885536715217,-0.5732011542288865
0.09140885536715253,0.5732011542288864
0.09140885536715236,-0.5732011542288864
0.09140885536715236,0.5732011542288866
0.35925955332767123,0.397463974484754
0.07855355491234182,0.5569432520149526
0.0785535549123417,-0.5569432520149524
0.07855355491234169,0.5569432520149525
0.12675986291482386,0.5683108918545491
0.12675986291482413,-0.5683108918545491
0.02592559585603434,0.5595452842859606
0.025925595856034413,0.5595452842859606
0.03806411409135446,-0.585849352486931
0.4059097284786852,0.3513065140716493
0.04764231381816243,-0.5881320455196725
0.37298631953909456,0.320312043103084
0.026135592609141448,-0.5758881321129505
0.04687674259190799,0.57380241595009
0.046876742591907904,-0.5738024159500899
0.028616153689565188,-0.580322667134374
0.02861615368956507,0.580322667134374
0.02861615368956497,0.5803226671343741
0.02861615368956522,-0.5803226671343741
0.03333644348724113,-0.5857183512988263
0.025441462596793925,-0.5545388906171551
0.04172774388614254,-0.5725778263498905
0.04172774388614284,0.5725778263498905
0.04172774388614266,-0.5725778263498905
0.04172774388614258,0.5725778263498906
0.059660170481737725,0.5481382104551344
0.059660170481737815,-0.5481382104551344
0.0825745806700733,0.5519673796707443
0.026745535630331416,-0.554826557131798
0.02674553563033141,0.554826557131798
0.0267455356303313,0.554826557131798
0.026745535630331503,-0.554826557131798
0.039616325564449835,0.5237912749779824
0.03961632556444995,-0.5237912749779826
0.039616325564449814,0.5237912749779824
0.03961632556444974,-0.5237912749779824
0.13782472646368946,-0.5770132534366996
0.13782472646368946,0.5770132534366996
0.10047629947168912,-0.4754812741667002
0.10047629947168897,0.4754812741667002
0.10047629947168897,0.4754812741667002
0.1685089170747084,-0.5242889557879398
0.16850891707470844,0.5242889557879398
0.1007770794046209,-0.5260953561025999
0.10077707940462098,0.5260953561025999
0.10077707940462098,0.5260953561025999
0.048882954776601886,-0.5552253733535567
0.048882954776602115,0.5552253733535566
0.006345093943082101,-0.5571967885206794
0.04807151221541929,0.5912348870565525
0.07557807880314597,0.5837433380653635
0.09208719450160703,-0.5723297652153558
0.09208719450160707,0.5723297652153557
0.014516037853161962,0.5701039277290834
0.014516037853161738,-0.5701039277290834
0.014516037853161762,0.5701039277290834
0.0260203330702072,0.5811579458160007
0.026020333070207315,-0.5811579458160006
0.014516037853161915,-0.5701039277290834
0.02602033307020709,0.5811579458160006
0.02602033307020717,-0.5811579458160007
0.09069685545229614,0.5497798551604387
0.09069685545229626,-0.5497798551604387
0.09069685545229626,-0.5497798551604387
0.0906968554522961,0.5497798551604387
0.03652316536530836,0.5312235716863101
0.03652316536530858,-0.5312235716863103
0.03652316536530858,0.5312235716863102
0.03652316536530845,-0.5312235716863103
0.0509846131231675,-0.5421406803652258
0.0509846131231675,-0.5421406803652258
0.05098461312316732,0.5421406803652259
0.05098461312316732,0.5421406803652259
0.01536681313637541,-0.5858162615813943
0.015366813136375584,0.5858162615813944
0.015366813136375475,-0.5858162615813944
0.01536681313637537,0.5858162615813945
0.09758877277489003,0.5575346523818467
0.09758877277489007,-0.5575346523818469
0.0975887727748899,0.5575346523818467
0.031983621773740346,-0.6016643215134632
0.03198362177374056,0.6016643215134633
0.03198362177374065,-0.6016643215134632
0.03198362177374048,0.6016643215134632
0.05978834291475689,0.5561655926391901
0.04277848573212943,-0.5499689455296815
0.04277848573212965,0.5499689455296813
0.04277848573212946,0.5499689455296815
0.042778485732129716,-0.5499689455296815
0.061804933883936375,-0.5741838557006115
0.061804933883936514,0.5741838557006113
0.061804933883936285,0.5741838557006115
0.061804933883936236,-0.5741838557006115
0.03251247169297803,0.5689712938742965
0.032512471692977836,-0.5689712938742963
0.032512471692977905,0.5689712938742965
0.07377311774274564,-0.5826255496163275
0.04457063843869675,0.5706273416817907
0.0445706384386966,0.5706273416817906
0.017571894114214913,0.5580784745130982
0.017571894114214733,0.5580784745130982
0.017571894114214906,-0.5580784745130982
0.017571894114214937,0.5580784745130982
0.00999971443073156,0.5854347068673844
0.009999714430731771,0.5854347068673845
0.009999714430731471,-0.5854347068673846
0.00999971443073159,0.5854347068673846
0.050093379822231734,-0.5582381634924426
0.03220556164202541,0.5611286160649559
0.08868247798119695,0.6045849920023012
0.08868247798119705,-0.6045849920023012
0.08868247798119705,0.6045849920023012
0.1274305922704824,0.5469319226239298
0.12743059227048228,-0.5469319226239296
0.12743059227048226,0.5469319226239299
0.042826356288002056,-0.5673634146272425
0.04282635628800232,0.5673634146272425
0.042826356288002285,-0.5673634146272425
0.042826356288002236,0.5673634146272425
0.025059382439933744,0.5793454318074513
0.025059382439933674,0.5793454318074513
0.025059382439933983,-0.5793454318074515
0.02505938243993394,0.5793454318074512
0.07146613586146597,-0.5879071252635986
0.07146613586146568,0.5879071252635986
0.07146613586146597,0.5879071252635986
0.07146613586146568,-0.5879071252635987
0.025566771102587867,-0.5544291966670404
0.025566771102587788,-0.5544291966670403
0.025566771102587774,0.5544291966670403
0.02556677110258768,-0.5544291966670403
0.061335125853938875,-0.5841497639513974
0.061335125853938965,0.5841497639513974
0.061335125853938875,-0.5841497639513974
0.0613351258539388,0.5841497639513973
0.050358498654070064,-0.5553277177244108
0.050358498654069855,0.5553277177244108
0.05035849865407002,0.5553277177244108
0.05035849865406985,-0.5553277177244108
0.04996319259656737,-0.5549903301159791
0.04996319259656717,0.5549903301159792
0.049963192596567375,0.5549903301159792
0.0499631925965672,-0.5549903301159791
0.06484109350533172,-0.563879307493897
0.06484109350533139,0.5638793074938971
0.06484109350533138,-0.563879307493897
0.029510711684614506,-0.5752525672143344
0.01464503985321479,0.5559072606318677
0.04708883966432617,0.5316480009447861
0.015101498025172506,0.5781237417718331
0.26093991788933035,0.4579558287109735
0.004244707460780193,0.5717657802497188
0.004244707460780332,-0.5717657802497188
0.004244707460780177,-0.5717657802497188
0.004244707460780383,0.5717657802497188
0.05146404126708154,0.5567196269913214
0.05463741820196868,0.550276215833392
0.038277154536961504,-0.5475896709493154
0.07821111017193905,-0.5132151662364993
0.014904003000687413,-0.5565435655996483
0.029093042488775943,-0.5522445339256004
0.027165030981638458,-0.5428117118692655
0.04849180727239563,-0.5516707993668806
0.055716856046985716,-0.5505011318579761
0.03914176389314555,-0.5887604270122785
0.015143904115071771,0.5788164485366493
0.04127175287693867,0.5955661564962074
0.033986076636387065,0.5717828205057242
0.06408022700706995,-0.5664213227039127
0.06408022700706988,0.5664213227039127
0.0015249415939937749,-0.5719364621732493
0.003705343302964864,0.5083710563604623
0.017820633733393702,-0.5097128886806177
0.3553724398095759,-0.34865824470498336
0.019449225743451218,-0.5698012946358847
0.029380797856658706,0.4993202752201142
0.029380797856658706,0.4993202752201142
0.02938079785665869,-0.4993202752201142
0.010706373301202459,0.5756161820634378
0.017312296334079557,0.5703282310966209
0.046773193592469633,-0.5569532894874621
0.04677319359246941,0.5569532894874621
0.07218614990968172,0.6114734956341191
0.07218614990968185,-0.6114734956341192
0.0513844068155589,-0.6200224058178718
0.0513844068155588,0.6200224058178719
0.03432845997128537,-0.5578299054374324
0.034328459971285336,-0.5578299054374324
0.03432845997128522,0.5578299054374323
0.03432845997128516,-0.5578299054374324
0.03432845997128516,-0.5578299054374324
0.05834965325882421,0.5653909036442052
0.058349653258823984,-0.5653909036442052
0.058349653258824075,0.5653909036442053
0.05834965325882415,-0.5653909036442053
0.058349653258824186,-0.565390903644205
0.0583496532588241,0.5653909036442052
0.27350241925963725,-0.4253089511209943
0.2735024192596371,0.4253089511209944
0.0030370904872526745,-0.5602231565481846
0.003037090487252353,0.5602231565481844
0.02804518598812581,-0.5719730588508094
0.028045185988125797,0.5719730588508093
0.024435716823122143,-0.5457756769552876
0.05243006100163532,0.5594802055024299
0.052430061001635074,-0.5594802055024299
0.09553174219200952,0.5563398887470141
0.09553174219200952,0.5563398887470141
0.04213312139416602,-0.5545283280702998
0.042133121394165855,0.5545283280702996
0.09321824264592304,-0.5544441011759531
0.09321824264592282,0.5544441011759531
0.06128496742340825,0.5260974109929282
0.043802881285143376,-0.5814394931180558
0.02418521175972717,-0.57782131232355
0.02418521175972748,0.57782131232355
0.12896361134576342,0.6705194365500103
0.1289636113457638,-0.6705194365500103
0.12896361134576367,0.6705194365500103
0.1178197117864701,-0.6146247647448635
0.11781971178647012,0.6146247647448635
0.7475693870520601,0.045725683057380805
0.7475693870520603,-0.04572568305738077
0.3782936654553482,0.3476985269558749
0.37829366545534826,-0.3476985269558749
0.3124401264280285,-0.3790426089416107
0.3124401264280284,0.3790426089416107
0.008943902623685246,-0.5468953836217774
0.008943902623685194,0.5468953836217775
0.008943902623685123,-0.5468953836217774
0.008943902623685074,0.5468953836217774
0.058845657299508185,0.5745858274248803
0.05884565729950831,-0.5745858274248802
0.05884565729950845,0.57458582742488
0.07388215064779136,-0.56717822975277
0.07388215064779106,0.56717822975277
0.04477115430539207,-0.5717902839262892
0.044771154305391886,0.5717902839262893
0.015006176695124,0.5615197715748887
0.015006176695123682,-0.5615197715748886
0.10186170446732888,-0.5818908885341251
0.10186170446732856,0.5818908885341252
0.025587775965563348,-0.5817531427817596
0.025587775965563348,-0.5817531427817596
0.025587775965563303,-0.5817531427817597
0.02558777596556334,0.5817531427817598
0.02558777596556334,0.5817531427817598
0.03335837554008456,0.5725675076165889
0.03335837554008456,0.5725675076165889
0.006908061794888387,0.5735485598960987
0.012890052360187657,-0.5764927611234171
0.019304094364761427,0.5185707597947384
0.042637388121068764,0.5324111093506044
0.0407626844990814,-0.5667415729899283
0.040762684499081145,0.5667415729899283
0.045388698397387364,-0.5554883764100493
0.04538869839738725,0.5554883764100492
0.06960680206036537,-0.5739654827595819
0.06960680206036512,0.5739654827595821
0.07388215064779136,-0.56717822975277
0.07388215064779106,0.56717822975277
0.04477115430539207,-0.5717902839262892
0.044771154305391886,0.5717902839262893
0.015006176695124,0.5615197715748887
0.015006176695123682,-0.5615197715748886
0.06025599508454457,0.5501237526444723
0.060255995084544364,-0.5501237526444722
0.06965305060853794,0.5462097810823621
0.06965305060853799,-0.5462097810823622
0.034410441526024044,0.552203670244563
0.034410441526024065,0.5522036702445631
0.039420175818434884,-0.5685518469433846
0.03942017581843496,-0.5685518469433845
0.024626196598232026,-0.5693581529168528
0.06790584117119454,-0.5416867703155102
0.043881997015045415,-0.556389733232112
0.043881997015045415,-0.556389733232112
0.0700003038067081,-0.5527609932973637
0.05373581819751905,-0.5098104017501727
0.05373581819751905,-0.5098104017501727
0.05373581819751932,0.5098104017501727
0.08582526055195659,-0.5251175702731473
0.08582526055195659,-0.5251175702731473
0.08582526055195666,0.5251175702731473
0.0725018836673429,-0.5296339044983297
0.0725018836673429,-0.5296339044983297
0.0725018836673431,0.5296339044983296
0.028184195774861524,0.5424963325092654
0.02755360616177,-0.5416353785661666
0.04148372258113422,-0.5586468434843872
0.04148372258113453,0.5586468434843871
0.06408022700706995,-0.5664213227039127
0.06408022700706988,0.5664213227039127
0.4189029165086737,0.2995291731268516
0.4189029165086737,-0.2995291731268516
0.35952061808117675,0.3576965177278362
0.3709837231127434,0.3490896494715018
0.06379696826762951,0.5788258977765337
0.06379696826762933,-0.5788258977765336
0.04267115948643704,-0.5765194612447969
0.04267115948643704,0.5765194612447969
0.00446184503578741,0.5334537767828744
0.0044618450357871795,-0.5334537767828745
0.004786920611862283,-0.5794642662403361
0.0047869206118625884,0.5794642662403361
0.03268675412545435,-0.5385191797312268
0.032686754125454465,0.5385191797312265
0.032686754125454465,0.5385191797312268
0.0326867541254543,-0.5385191797312266
0.09859164589722456,-0.5522724241451133
0.09859164589722444,0.5522724241451133
0.09859164589722444,0.5522724241451135
0.1580837079385147,0.6116386561900831
0.1580837079385147,0.6116386561900831
0.1580837079385144,-0.6116386561900832
0.1256004000902232,-0.5965242987640599
0.1256004000902232,-0.5965242987640599
0.12560040009022325,0.5965242987640598
0.1256004000902234,-0.5965242987640599
0.12560040009022308,0.5965242987640599
0.008410201706756352,0.5483752231259137
0.008410201706756264,-0.5483752231259137
0.008410201706756276,-0.5483752231259137
0.00841020170675618,0.5483752231259137
0.07963020118778334,0.5349295028440822
0.07963020118778348,-0.5349295028440822
0.09149772300172423,-0.544747862991625
0.09149772300172394,0.5447478629916249
0.03567733847311266,0.5687135532075644
0.035677338473112434,-0.5687135532075643
0.035677338473112566,0.5687135532075644
0.03567733847311248,-0.5687135532075643
0.06790351979808093,0.5162048240942128
0.06790351979808072,-0.5162048240942128
0.048613376688266666,-0.5291287272412555
0.04861337668826658,0.5291287272412554
0.06389152745818115,0.5238719486558007
0.06389152745818097,-0.5238719486558007
0.025996721515915096,-0.5782650029742573
0.030520902786094255,0.5757399276792838
0.04645930124713793,0.5278554795512048
0.023910659152344603,0.5723088676610967
0.023910659152344627,0.5723088676610967
0.08305960833865654,-0.5127108055815258
0.031632142566269734,0.5211867281962882
0.031632142566269984,-0.5211867281962882
0.031632142566269984,-0.5211867281962882
0.029545007133879864,0.5781508417021777
0.02954500713387992,-0.5781508417021779
0.03115569403408625,0.5240233158038644
0.031155694034086412,-0.5240233158038644
0.031155694034086412,-0.5240233158038644
0.033932955739798765,0.5817604430001421
0.03393295573979868,-0.5817604430001418
0.02854646621762365,0.5751835570193962
0.02854646621762365,0.5751835570193962
0.11518735314398933,-0.5077670070022277
0.11518735314398924,0.5077670070022275
0.11518735314398924,0.5077670070022275
0.024453428589032374,-0.5814735623396001
0.024453428589032246,0.5814735623396002
0.008699968487905285,0.5430422470055694
0.00869996848790517,-0.5430422470055692
0.03489839995588195,-0.5847750731801049
0.02759624156829784,-0.5624344191134715
0.02818741578061703,0.5901195459165609
0.0281874157806172,-0.5901195459165609
0.02818741578061705,0.590119545916561
0.01363685749833848,-0.5639893372616935
0.013636857498338545,0.5639893372616936
0.013636857498338708,-0.5639893372616935
0.013636857498338584,0.5639893372616935
0.02362396650083308,0.5663993133441863
0.004423256080518746,-0.5504874881213372
0.12251265969768485,-0.5931633897936897
0.12251265969768516,0.5931633897936899
0.12251265969768513,-0.5931633897936899
0.06878167696592064,-0.5686527902489603
0.06878167696592064,0.5686527902489603
0.06878167696592051,-0.5686527902489602
0.04579641561949832,-0.592081962944198
0.045796415619498536,-0.5920819629441979
0.08204165944050025,0.5500266808939082
0.06044655197760485,0.5779964926325565
0.060446551977605026,-0.5779964926325565
0.04636165778367613,-0.5756188023471702
0.046361657783676215,0.5756188023471702
0.02852009868094357,-0.5718107266137327
0.7415744038229464,-0.016349913056556382
0.023485591242353623,0.5728050236685592
0.02348559124235381,-0.5728050236685592
0.02348559124235375,0.5728050236685591
0.04680270314995995,-0.6638450738841559
0.04680270314995985,0.6638450738841559
0.04992838318079658,-0.5394336905844382
0.01714036032528706,-0.5791958763220438
0.01714036032528706,-0.5791958763220438
0.017140360325287114,-0.5791958763220437
0.09508673848572873,0.5290493476740937
0.09508673848572864,-0.5290493476740937
0.020840912311626613,0.5535996134945483
0.02084091231162673,-0.5535996134945483
0.022566052896376008,0.5856373455124539
0.007185361643694798,-0.5580997703262627
0.007185361643694864,0.5580997703262627
0.007185361643694681,0.5580997703262627
0.007185361643694905,-0.5580997703262627
0.3038617216686971,0.3488070543186121
0.3589558947084969,0.3385356688328754
0.010367743363595349,-0.5684353623943911
0.046776393294680856,0.5751624238425733
0.046776393294680856,0.5751624238425733
0.07258466479914415,-0.5590103992269584
0.07258466479914417,0.5590103992269584
0.07258466479914391,-0.5590103992269583
0.10109001790062927,-0.5128718894863867
0.025954160405343464,-0.5861451625098918
0.03849320781614709,-0.5765933117726474
0.04070152566815558,-0.5976353070303984
0.04070152566815588,0.5976353070303985
0.04070152566815586,-0.5976353070303985
0.04070152566815567,0.5976353070303984
0.05392595104805453,0.603376524883304
0.05392595104805482,-0.603376524883304
0.09246348049471986,-0.5849286683056066
0.09246348049472004,0.5849286683056066
0.09246348049471996,-0.5849286683056066
0.0861526558220459,-0.5791099671811596
0.08615265582204606,0.5791099671811596
0.09246348049471986,0.5849286683056066
0.08615265582204593,-0.5791099671811596
0.08615265582204594,0.5791099671811596
0.06347992261802213,-0.5966712157128397
0.06347992261802245,0.5966712157128398
0.06347992261802224,0.5966712157128397
0.06347992261802232,-0.5966712157128397
0.09153899004921573,-0.5619649198527358
0.0915389900492157,0.5619649198527359
0.0872480440604242,-0.5908047284959448
0.08724804406042443,0.5908047284959449
0.08724804406042434,0.5908047284959447
0.0872480440604242,-0.5908047284959448
0.027756159615901648,-0.5586520120578116
0.027756159615901686,0.5586520120578116
0.02775615961590155,-0.5586520120578116
0.04070516992896357,0.5640724088825533
0.04070516992896367,-0.5640724088825534
0.04070516992896348,-0.5640724088825533
0.04070516992896376,0.5640724088825534
0.09733043959415724,0.5913482398936174
0.09733043959415708,-0.5913482398936175
0.09733043959415702,0.5913482398936175
0.12696677666210787,-0.5596837338730561
0.12696677666210804,0.5596837338730561
0.12696677666210796,-0.5596837338730561
0.12696677666210782,0.5596837338730561
0.08754858424959394,0.5903081193835733
0.08754858424959383,-0.5903081193835734
0.08754858424959376,0.5903081193835734
0.11279786150213195,-0.5566224564877142
0.11279786150213222,0.5566224564877142
0.11279786150213204,-0.5566224564877142
0.112797861502132,0.5566224564877142
0.08543013351952597,0.5976775351580097
0.08543013351952597,-0.5976775351580098
0.08543013351952619,0.5976775351580098
0.0518437648480935,-0.5634877549526965
0.051843764848093804,0.5634877549526967
0.051843764848093735,-0.5634877549526965
0.05184376484809364,0.5634877549526965
0.08229382740919124,0.6064255148787991
0.08229382740919101,-0.6064255148787991
0.08229382740919093,0.6064255148787993
0.10818688241915424,-0.5872107323174492
0.1081868824191544,0.5872107323174494
0.10818688241915424,-0.5872107323174494
0.10818688241915417,0.5872107323174494
0.08800906716185,0.6089470693814981
0.08800906716184985,-0.6089470693814981
0.0880090671618498,0.6089470693814982
0.0973625125031568,-0.6013180522998046
0.09736251250315693,0.6013180522998046
0.09736251250315682,-0.6013180522998046
0.09736251250315672,0.6013180522998046
0.0650733220156268,0.5992152115493401
0.06507332201562657,-0.5992152115493401
0.06507332201562653,0.5992152115493402
0.08427121817585972,-0.6045519535741336
0.08427121817585992,0.6045519535741337
0.08427121817585978,-0.6045519535741336
0.08427121817585967,0.6045519535741336
0.0932380530905843,-0.5105053126458035
0.09323805309058446,0.5105053126458036
0.09323805309058446,0.5105053126458036
0.0156936937564914,-0.5829412860760871
0.015693693756491194,0.5829412860760871
0.009195282556913528,0.5589671451774447
0.02910354410134001,0.5592698992987201
0.018281246464204492,-0.5540001915674154
0.025522303321836026,0.5464835671246201
0.025522303321836148,0.54648356712462
0.025522303321835874,-0.5464835671246201
0.02552230332183602,0.5464835671246201
0.0350724163079079,-0.5651874078612061
0.03507241630790783,0.5651874078612062
0.03507241630790765,0.5651874078612062
0.03507241630790792,-0.5651874078612062
0.011035651317593159,-0.5863182578353763
0.011035651317593008,0.5863182578353764
0.011035651317593115,-0.5863182578353765
0.06609266475783095,-0.5551927670880931
0.06609266475783092,0.5551927670880931
0.06609266475783086,-0.5551927670880931
0.052308180297145984,-0.5567877725756195
0.052308180297145714,0.5567877725756195
0.05230818029714599,0.5567877725756195
0.052308180297145714,-0.5567877725756194
0.11146219538207633,-0.5247465918826855
0.1114621953820761,0.5247465918826855
0.1114621953820761,0.5247465918826855
0.03375238152803558,-0.5909388537994296
0.03375238152803571,0.5909388537994296
0.02801271477347981,0.5629298694933146
0.028012714773479597,-0.5629298694933147
0.02801271477347964,0.5629298694933147
0.0515229708703962,-0.5940590068910687
0.051522970870396284,0.5940590068910688
0.051522970870396124,0.5940590068910687
0.05152297087039643,-0.5940590068910687
0.02127981391429349,-0.5752177234769515
0.02127981391429376,0.5752177234769515
0.021279813914293743,-0.5752177234769515
0.021279813914293618,0.5752177234769515
0.2537326845144854,-0.4411817232638399
0.2537326845144854,-0.4411817232638399
0.2537326845144854,0.44118172326383975
0.2537326845144854,0.44118172326383975
0.026389734907988488,-0.5783342376022998
0.07205563437825503,-0.5646233461519281
0.02546716046810836,0.5632001867250316
0.02546716046810832,-0.5632001867250315
0.02546716046810853,0.5632001867250315
0.02105960900715131,0.5837114323407735
0.021059609007151547,-0.5837114323407736
0.0537530278264169,-0.5512920214618834
0.044967804403567437,0.5510813121618525
0.057269766636256624,-0.5999191801197395
0.06761474168908345,-0.5527822784663864
0.03361288827097583,-0.5511404294747073
0.03361288827097563,0.5511404294747072
0.03361288827097572,-0.5511404294747072
0.03361288827097577,0.5511404294747074
0.03361288827097585,0.5511404294747073
0.049282848104537764,-0.6388587402523355
0.049282848104537466,0.6388587402523355
0.049282848104537584,-0.6388587402523355
0.060742320746362335,-0.5749206746251105
0.060742320746362564,0.5749206746251105
0.060742320746362426,-0.5749206746251105
0.06074232074636236,0.5749206746251105
0.057457247055000264,-0.5507955009205703
0.035436979204377564,0.5980254896436796
0.035436979204377266,-0.5980254896436796
0.03543697920437747,-0.5980254896436796
0.03543697920437745,0.5980254896436795
0.035436979204377286,-0.5980254896436795
0.035436979204377266,0.5980254896436796
0.0940485634342435,0.5978918031484268
0.09404856343424313,-0.5978918031484268
0.0940485634342434,-0.5978918031484268
0.09404856343424324,0.5978918031484268
0.09404856343424313,-0.5978918031484268
0.0940485634342432,0.5978918031484268
0.043334266552966016,0.5758749712711226
0.043334266552966266,-0.5758749712711226
0.04333426655296605,0.5758749712711226
0.04333426655296623,-0.5758749712711225
0.15381421403372988,-0.6274407123269751
0.15381421403372988,-0.6274407123269751
0.07536232461154757,-0.5970541187485193
0.0523814665701343,-0.5726602531430243
0.02546716046810836,0.5632001867250316
0.02546716046810832,-0.5632001867250315
0.02546716046810853,0.5632001867250315
0.03826703161206384,0.5673810035159818
0.03826703161206395,-0.5673810035159818
0.04211969393490871,0.6296819313709258
0.04211969393490871,0.6296819313709258
0.04211969393490872,-0.6296819313709259
0.050215718385776056,-0.5824172560343852
0.05021571838577625,0.5824172560343851
0.0502157183857762,-0.5824172560343851
0.050215718385776084,0.582417256034385
0.11134774980702933,-0.5800867498008425
0.05864091794185241,0.5492115875943852
0.05864091794185215,-0.5492115875943852
0.06302406458989164,0.5795637641367262
0.06302406458989164,0.5795637641367262
0.06302406458989136,-0.5795637641367263
0.06302406458989136,0.5795637641367263
0.09431592293001202,-0.5388904857250049
0.06016828451166244,0.5311857105540374
0.11291635129949205,-0.5409520433872993
0.11291635129949215,0.5409520433872993
0.11291635129949215,0.5409520433872993
0.02091908937606544,-0.5697291925437514
0.02091908937606544,-0.5697291925437514
0.02091908937606544,-0.5697291925437514
0.02091908937606544,-0.5697291925437514
0.06299631760810229,-0.5876080700855574
0.040425708959389815,0.5785546139440977
0.06848750386960574,0.5627956848146366
0.036597957086176164,0.5681148107027576
0.036597957086176004,-0.5681148107027577
0.029562198454179876,-0.5907710203530362
0.029562198454179605,0.5907710203530362
0.03088600487993686,0.5968622525349561
0.03088600487993678,-0.5968622525349558
0.030886004879936695,0.5968622525349558
0.0991293404738111,-0.5573793220741979
0.09912934047381128,0.5573793220741979
0.09912934047381117,-0.5573793220741979
0.09912934047381104,0.5573793220741979
0.03745226540742553,-0.5416707656610228
0.03745226540742539,0.5416707656610229
0.03745226540742533,0.541670765661023
0.03745226540742559,-0.5416707656610229
0.04539722327332056,-0.5823900818090483
0.045397223273320166,0.5823900818090484
0.04539722327332059,0.5823900818090483
0.04539722327332013,-0.5823900818090483
0.09082860529005772,0.5674888698347593
0.09082860529005762,-0.5674888698347593
0.05687585923271993,-0.550402252381193
0.056875859232719636,0.550402252381193
0.04827640459673728,0.5729407190998228
0.048276404596737016,-0.5729407190998228
0.04827640459673695,0.5729407190998228
0.03339617181880769,-0.5858575883455114
0.051861378146462536,-0.5605491137326188
0.051861378146462786,0.560549113732619
0.05186137814646272,-0.560549113732619
0.2151879914282134,-0.11111751770059336
0.012254592668246538,0.13491307613535
0.09053105630592466,0.6034310372353444
0.09053105630592448,-0.6034310372353445
0.09053105630592458,0.6034310372353446
0.03989731130836156,0.5843681224301477
0.039897311308361764,-0.5843681224301477
0.03989731130836178,0.5843681224301477
0.06300940766334474,0.5745409394427227
0.06300940766334456,-0.5745409394427227
0.06300940766334455,0.5745409394427227
0.06636975988373414,-0.5770882967678969
0.05845217299768622,-0.5605970629587061
0.06416840446553973,-0.6028297159897801
0.008621906125199126,0.5614240098572157
0.024607291193442404,0.5857949653562152
0.02460729119344224,-0.5857949653562151
0.024607291193442217,0.5857949653562152
0.05669404093111784,-0.5497812735918666
0.06837293335647067,0.5126332011711742
0.07359165458006622,0.5080650505000338
0.8390701268446308,0.03348527404609963
0.8390701268446308,0.03348527404609963
0.0013084632221982801,-0.6165393345670986
0.0013084632221980295,0.6165393345670988
0.0013084632221981502,-0.6165393345670988
0.0013084632221982866,0.6165393345670988
0.03218894100124178,-0.5931259939147415
0.03218894100124211,0.5931259939147416
0.032188941001241984,-0.5931259939147416
0.03218894100124179,0.5931259939147416
0.03360208130897355,0.574182696729427
0.041460537763785166,-0.5840129683584429
0.09615688634543493,-0.5601345302375342
0.09615688634543497,0.5601345302375342
0.09615688634543484,0.5601345302375342
0.0961568863454351,-0.5601345302375342
0.0702503996450065,0.5879351582043328
0.07025039964500643,-0.5879351582043331
0.07165792828712454,-0.5696106702726956
0.0716579282871247,0.5696106702726955
0.07165792828712453,-0.5696106702726955
0.07165792828712438,0.5696106702726955
0.03397962781495658,0.6245216923210378
0.02603887299144064,0.5754231257313092
0.0260388729914408,-0.5754231257313093
0.026038872991440892,0.5754231257313093
0.026038872991440837,-0.5754231257313093
0.027770058237847197,0.5732231554124692
0.027770058237847426,-0.5732231554124689
0.027770058237847502,0.5732231554124689
0.027770058237847384,-0.5732231554124689
0.02697822361289477,0.5755247886349603
0.026978223612894887,-0.5755247886349601
0.02697822361289502,0.5755247886349601
0.026978223612894942,-0.5755247886349601
0.03075651114807218,0.5741306294185479
0.03075651114807225,-0.574130629418548
0.030756511148072364,0.5741306294185479
0.03075651114807232,-0.574130629418548
0.02587466613746589,0.5798867198284309
0.02587466613746598,-0.5798867198284309
0.025874666137466147,0.5798867198284309
0.02587466613746612,-0.5798867198284309
0.10168249104925993,0.5779163601203672
0.10168249104926012,-0.5779163601203672
0.10168249104925996,0.5779163601203672
0.10168249104925986,-0.5779163601203672
0.08991468722802144,0.5693687302183946
0.08991468722802169,-0.5693687302183945
0.08991468722802154,0.5693687302183946
0.0899146872280215,-0.5693687302183946
0.09411084725918292,0.5605917492143787
0.09411084725918303,-0.5605917492143787
0.09411084725918288,0.5605917492143786
0.0941108472591828,-0.5605917492143786
0.08715708601005978,0.5666666726471488
0.08715708601005992,-0.5666666726471485
0.08715708601005982,0.5666666726471488
0.08715708601005981,-0.5666666726471487
0.0809839560418648,-0.5858803036079394
0.07227190809569993,0.5751162446598548
0.07227190809569968,-0.5751162446598546
0.07227190809569993,-0.5751162446598547
0.07227190809569972,0.5751162446598547
0.0722719080956997,0.5751162446598547
0.07227190809569972,-0.5751162446598547
0.04051281212726823,-0.5636436348238534
0.08057593883281776,-0.5923329571303452
0.08057593883281784,0.5923329571303453
0.08057593883281784,0.5923329571303454
0.08057593883281769,-0.5923329571303452
0.09046361061098944,-0.5370374838208841
0.09046361061098923,0.537037483820884
0.0904636106109892,-0.537037483820884
0.020995137002991816,0.5631217680270689
0.08507796373665462,0.5858375731962093
0.7141306691368001,-0.01822485296781914
0.03344124175041987,0.5888662964588322
0.03344124175042018,-0.5888662964588322
0.03344124175041999,-0.5888662964588322
0.0334412417504201,0.5888662964588322
0.012671285456937086,-0.5551529984659371
0.01267128545693731,0.555152998465937
0.012671285456937352,-0.555152998465937
0.012671285456937185,0.555152998465937
0.09066760108830586,0.5311126482234424
0.0906676010883056,-0.5311126482234424
0.0906676010883056,0.5311126482234424
0.0906676010883057,-0.5311126482234425
0.0523244731681667,-0.6017668729085627
0.05232447316816704,0.6017668729085628
0.05232447316816677,-0.6017668729085628
0.05232447316816659,0.6017668729085627
0.07958860952152255,0.5170118082009122
0.07958860952152236,-0.5170118082009122
0.07958860952152229,0.5170118082009121
0.07958860952152247,-0.5170118082009121
0.04508361173471158,-0.5995188801012031
0.04508361173471195,0.599518880101203
0.04508361173471178,-0.599518880101203
0.045083611734711634,0.599518880101203
0.09615974601147473,0.550185685819892
0.09615974601147446,-0.5501856858198919
0.09615974601147458,0.550185685819892
0.09615974601147466,-0.550185685819892
0.057218177518899314,0.5939879518039468
0.05721817751889938,-0.5939879518039468
0.0572181775188993,0.5939879518039467
0.0814379866252489,0.5168231307688913
0.08143798662524858,-0.5168231307688915
0.08143798662524868,0.5168231307688914
0.08143798662524881,-0.5168231307688914
0.04491302951026148,-0.5853208133680232
0.044913029510261764,0.5853208133680232
0.044913029510261694,-0.5853208133680232
0.04491302951026156,0.5853208133680232
0.06262723124708576,0.5285491411412339
0.06262723124708543,-0.5285491411412339
0.0626272312470855,0.5285491411412337
0.06262723124708566,-0.5285491411412337
0.05204897335921824,-0.5997944061300896
0.052048973359218494,0.5997944061300896
0.05204897335921849,-0.5997944061300897
0.05204897335921832,0.5997944061300896
0.07759375883146452,0.5441716324166512
0.07759375883146429,-0.5441716324166512
0.07759375883146433,0.5441716324166512
0.07759375883146437,-0.5441716324166512
0.04771978276597712,-0.5912766466059649
0.047719782765977437,0.5912766466059649
0.04771978276597731,-0.5912766466059649
0.047719782765977166,0.5912766466059649
0.049980455378547034,0.5367996313080935
0.04998045537854676,-0.5367996313080935
0.0499804553785468,0.5367996313080935
0.049980455378546916,-0.5367996313080935
0.047170742987962505,-0.5953101253630148
0.04717074298796272,0.5953101253630146
0.047170742987962685,-0.5953101253630148
0.047170742987962526,0.5953101253630146
0.07320146911153823,0.5200541848028422
0.07320146911153799,-0.5200541848028422
0.07320146911153809,0.5200541848028422
0.07320146911153817,-0.520054184802842
0.04477771343416079,-0.5652358231083077
0.044777713434161086,0.5652358231083076
0.04477771343416095,-0.5652358231083076
0.044777713434160864,0.5652358231083077
0.07328994298379063,0.5198979836015498
0.07328994298379046,-0.5198979836015497
0.07328994298379046,0.5198979836015498
0.07328994298379056,-0.5198979836015498
0.06882161290407768,-0.5935249716644277
0.06882161290407803,0.5935249716644279
0.06882161290407797,-0.5935249716644279
0.06882161290407783,0.5935249716644277
0.011806806312869322,0.5974483600131033
0.011806806312869322,0.5974483600131033
0.011806806312869492,-0.5974483600131033
0.011806806312869492,-0.5974483600131033
0.011806806312869258,-0.5974483600131033
0.04350595741321511,-0.5674351363098463
0.043505957413215085,0.5674351363098463
0.043505957413215,-0.5674351363098463
0.043505957413215,0.5674351363098464
0.041567491533238035,-0.5505834028740264
0.0415674915332382,0.5505834028740263
0.041567491533238035,0.5505834028740265
0.041567491533238084,-0.5505834028740264
0.0451273224443289,-0.5604708377513875
0.04512732244432898,0.5604708377513875
0.045127322444328856,0.5604708377513875
0.045127322444328925,-0.5604708377513875
0.11864426540320196,-0.5350309862386206
0.11864426540320208,0.5350309862386206
0.11864426540320193,0.5350309862386207
0.11864426540320197,-0.5350309862386207
0.018837870695453444,-0.5562453427033679
0.018837870695453285,0.5562453427033679
0.018837870695453184,0.5562453427033679
0.018837870695453424,-0.5562453427033679
0.014637701229675757,-0.6056445044119978
0.014637701229675887,0.6056445044119978
0.014637701229675969,0.6056445044119978
0.014637701229675747,-0.6056445044119977
0.07588053685037012,-0.5611112521855129
0.07588053685037023,0.5611112521855129
0.07588053685037031,0.5611112521855129
0.07588053685037016,-0.5611112521855129
0.039775567581247034,-0.6035666936554268
0.039775567581246944,0.6035666936554268
0.0397755675812467,0.6035666936554269
0.039775567581247034,-0.6035666936554268
0.0407291446032084,-0.5666765904921848
0.040729144603208534,0.5666765904921849
0.04072914460320836,0.5666765904921848
0.0407291446032084,-0.5666765904921848
0.04330241802243251,-0.5668527142156577
0.04330241802243258,0.5668527142156576
0.043302418022432426,0.5668527142156577
0.0433024180224325,-0.5668527142156576
0.040132734305227784,-0.5699592754714402
0.04013273430522779,0.5699592754714404
0.040132734305227714,0.5699592754714404
0.04013273430522777,-0.5699592754714404
0.04196743890868658,-0.5711247104201408
0.04196743890868665,0.5711247104201407
0.04196743890868656,0.5711247104201409
0.041967438908686566,-0.5711247104201409
0.137758981118701,-0.5391870081017391
0.13775898111870127,0.539187008101739
0.1377589811187011,0.5391870081017393
0.1377589811187013,-0.539187008101739
0.0678612202049614,-0.6693243867635262
0.06786122020496146,0.6693243867635262
0.06786122020496163,-0.6693243867635262
0.1828311599662137,-0.36766405664537294
0.18283115996621369,0.3676640566453729
0.08962704700793986,0.5255866333174635
0.06709041920726798,0.5504384114925123
0.08286324512614936,-0.5545446270332238
0.08286324512614933,0.5545446270332237
0.08286324512614948,0.5545446270332237
0.08286324512614916,-0.5545446270332236
0.08286324512614948,-0.5545446270332238
0.08286324512614915,0.5545446270332238
0.031886956619461955,0.5653033014065626
0.020232524022136208,-0.5687204071395788
0.07349197838567632,0.5493151477364292
0.08839171087187657,0.5364821043568744
0.08839171087187679,-0.5364821043568743
0.08839171087187679,0.5364821043568743
0.08839171087187679,-0.5364821043568745
0.01886027150225731,-0.5648207918236053
0.018860271502257463,0.5648207918236053
0.018860271502257525,-0.5648207918236052
0.018860271502257445,0.5648207918236053
0.03702126814532007,-0.6290821826897988
0.1900995952838256,-0.7259846901119157
0.1900995952838257,0.7259846901119157
0.19009959528382567,-0.7259846901119156
0.19009959528382575,0.7259846901119158
0.03691593543148675,-0.5571447819948827
0.03691593543148675,-0.5571447819948827
0.09643500828405048,0.5915094883967531
0.0964350082840503,-0.5915094883967531
0.09643500828405027,0.5915094883967531
0.07769166984626462,0.5915712623059447
0.0776916698462645,-0.5915712623059445
0.07769166984626433,0.5915712623059447
0.07769166984626442,-0.5915712623059447
0.03712902332343268,0.5874230465094438
0.0371290233234324,-0.5874230465094438
